{
  "semantic (top-3)": {
    "hit_rate": 0.88,
    "mrr": 0.8241666666666667,
    "precision": 0.5138888888888888
  },
  "bm25 (top-3)": {
    "hit_rate": 0.5166666666666667,
    "mrr": 0.4666666666666667,
    "precision": 0.21777777777777776
  },
  "hybrid RRF (top-3)": {
    "hit_rate": 0.8616666666666667,
    "mrr": 0.735,
    "precision": 0.4277777777777778
  },
  "semantic + reranker": {
    "hit_rate": 0.925,
    "mrr": 0.8593611111111109,
    "precision": 0.6209722222222223
  },
  "bm25 + reranker": {
    "hit_rate": 0.6133333333333333,
    "mrr": 0.5854722222222222,
    "precision": 0.4395833333333333
  },
  "hybrid RRF + reranker": {
    "hit_rate": 0.9316666666666666,
    "mrr": 0.876,
    "precision": 0.6338055555555556
  }
}