{
  "baseline": {
    "hit_rate": 0.8816666666666667,
    "mrr": 0.8258333333333333,
    "precision": 0.5138888888888888
  },
  "reranker": {
    "hit_rate": 0.91,
    "mrr": 0.8594444444444443,
    "precision": 0.5172222222222221
  }
}