{
  "baseline": {
    "hit_rate": 0.8766666666666667,
    "mrr": 0.8219444444444444,
    "precision": 0.5127777777777777
  },
  "reranker": {
    "hit_rate": 0.9216666666666666,
    "mrr": 0.8571388888888888,
    "precision": 0.6199722222222223
  }
}